<?xml version="1.0" encoding="UTF-8"?>
<Hibernate>
	<NHibernate AdapterPath="" Assembly="" ConnectionProvider="NHibernate.Connection.DriverConnectionProvider" ConnectionString="" DLLDir="" DatabaseDriverName="" Dialect="" DotNetFrameWorkDir="C:\Windows\Microsoft.NET\Framework64\v2.0.50727\" Driver="" DriverPath="" FollowMicrosoftNamingConvention="false" FrameworkDir="C:\Windows\Microsoft.NET\Framework64\v2.0.50727\" GenerateCSSample="true" GenerateCSharpProject="true" GenerateDLL="true" GenerateNullableType="true" GenerateVirtualMethods="false" NonPersistentCollection="0" PropertyCodeStyle="0"/>
	<JavaHibernate BagImplClass="java.util.HashSet" ConnectionURL="jdbc:mysql://localhost:3306/constructora" DefaultDB="1048576" Dialect="org.hibernate.dialect.MySQLDialect" DriverClasspath="C:\Program Files\NetBeans 8.1\ide\modules\ext\mysql-connector-java-5.1.23-bin.jar" GenerateAntFile="false" GenerateBatch="false" GenerateJspSample="false" GenerateServletFilter="false" GenerateServletSample="false" GenerateShellScript="false" InstrumentClassName="org.hibernate.tool.instrument.javassist.InstrumentTask" JDBCDriverClass="com.mysql.jdbc.Driver" JDBCDriverName="MySQL5 (Connector/J Driver)" JDKPath="" ListImplClass="java.util.ArrayList" MapImplClass="java.util.HashMap" Password="" SetImplClass="java.util.HashSet" SupportDBs="1048576" UserName="root" WrappingServletReq="-1"/>
	<CacheConfiguration>
		<EHCacheConfiguration DiskStorePath="java.io.tmpdir" Eternal="false" MaxInMemory="10000" OverflowToDisk="true" TimeToIdle="120" TimeToLive="120"/>
		<SysCacheConfiguration Prority="Not Set" RelativeExpiration="0" StaticExpiration="" UseRelativeExpiration="true"/>
	</CacheConfiguration>
	<PHPHibernate AdapterClass="" AdapterDriver="" AdapterPath="" AutoFlush="false" CompiledFolder="compiled" DNS="" Dialect="" Framework="1" QuoteIdentifier="true" SrcFolder="classes"/>
	<ConnectionPool AcquireIncrement="1" IdleTest="0" MaximumConnections="15" MinimumConnections="1" Timeout="0" UseConnectionPool="true"/>
	<Naming ColumnNameCase="0" ColumnNamePrefix="" ColumnNameSuffix="" TableNameCase="0" TableNamePrefix="" TableNameSuffix=""/>
	<Collection Lazy="0" OrderedType="List" UnorderedType="Set"/>
	<Code AttributePrefix="" CacheOption="0" ClassLazy="0" CodeTemplate="0" CompositeIDWithAssociation="0" ConnectionProviderClass="" CustomPersistentManager="false" DeployTo="4" ErrorHandling="1" FlushMode="Auto" GenCriteria="true" Generate="true" GenerateCustomAnnotation="true" GenerateLowerCasePackage="true" GenerateMapping="0" GenerateNonPersistableAssociation="false" GeneratePrimitiveSetter="true" GeneratePropertyConstant="false" GenerateSample="true" GenerateSessionlessMethods="true" GenerateValidatorConstraints="false" GetterSetterVisibility="0" JPAVersion="2" LazyAssociation="0" MappingColumnOrder="0" MappingType="0" MappingTypeForDate="0" NonPersistentCollection="0" NonPersistentCollectionGeneric="false" PersistentAPI="3" PersistentAPIReturnType="0" PersistentManagerClassName="{projectName}PersistentManager" PersistentManagerPackage="orm" ProgrammingLang="5" PropertyAccess="false" PublicIDSetter="false" PublicVersionSetter="false" SeparateSubclassXML="false" Serializable="false" ShowException="1" Source="" SrcFolder="src" SuppressAllWarnings="false" ToString="1" UserDefinedException=""/>
	<Database ColumnOrder="0" ConnectionDialect="" CreateDatabase="false" CustomDDL="" DBConnection="0" DDLExtension=".ddl" DSJNDIName="" DSPassword="" DSUsername="" DdlHeader="" Encoding="UTF-8" FormattedSQL="false" Generate="true" GenerateComment="true" GenerateDDL="true" GenerateDropTableAndColumn="false" GenerateIndividualDDL="false" GenerateSampleData="false" GenerateSampleDataWithAutoGenPK="true" JNDIInitialContextFactoryClass="" JNDIProviderURL="" Mode="0" QuoteSQLIdentifier="3" SeparateCreateDropDDL="false" TableCharset="" TransactionFactory="" TransactionMangerClass="" UpperCaseSQL="true"/>
	<EOF EOFDefaultDatabase="1"/>
	<Misc LastPMPackage=""/>
</Hibernate>